DATE,CRIME_COUNT,ROLLING_MEAN_3,ROLLING_STD_3,GROWTH_RATE,LAG_1,LAG_2,LAG_3,VOLATILITY,ANOMALY,ANOMALY_SCORE
1999-04-01,4002,3647.3333333333335,353.01180339095373,0.0982436882546651,3644.0,3296.0,4089.0,0.0967862740059277,1,-0.0035845627296791083
1999-05-01,4386,4010.6666666666665,371.0759131678225,0.095952023988006,4002.0,3644.0,3296.0,0.09252225228586,1,-0.04371915503467583
1999-06-01,4207,4198.333333333333,192.146645386625,-0.0408116735066119,4386.0,4002.0,3644.0,0.0457673629344878,1,-0.008634368459742303
1999-07-01,3850,4147.666666666667,272.8815371792924,-0.0848585690515807,4207.0,4386.0,4002.0,0.0657915785210863,1,-0.005159069253499293
1999-08-01,4008,4021.6666666666665,178.8919599460346,0.0410389610389609,3850.0,4207.0,4386.0,0.0444820455729883,0,0.00118704820865001
1999-09-01,3733,3863.6666666666665,138.00845384734149,-0.0686127744510978,4008.0,3850.0,4207.0,0.0357195549600573,0,0.04899650434733316
1999-10-01,4206,3982.3333333333335,237.54227693893503,0.1267077417626574,3733.0,4008.0,3850.0,0.0596490190689549,0,0.042153370793826084
1999-11-01,3653,3864.0,298.8695367547525,-0.1314788397527342,4206.0,3733.0,4008.0,0.0773471886011264,0,0.04094967494546242
1999-12-01,3670,3843.0,314.4821139588075,0.0046537092800438,3653.0,4206.0,3733.0,0.0818324522401268,0,0.028214979581652422
2000-01-01,3470,3597.6666666666665,110.88883322198724,-0.0544959128065395,3670.0,3653.0,4206.0,0.0308224311744613,0,0.0749447670698925
2000-02-01,3440,3526.6666666666665,125.03332889007508,-0.0086455331412104,3470.0,3670.0,3653.0,0.0354536849404749,0,0.12324784750318113
2000-03-01,3935,3615.0,277.53378172755896,0.1438953488372092,3440.0,3470.0,3670.0,0.0767728303534049,0,0.07870280196925894
2000-04-01,3833,3736.0,261.3675572828432,-0.0259212198221092,3935.0,3440.0,3470.0,0.0699591962748509,0,0.08044211477370822
2000-05-01,3790,3852.6666666666665,74.47370900749915,-0.0112183668145056,3833.0,3935.0,3440.0,0.0193304314779804,0,0.03813216111230899
2000-06-01,3579,3734.0,135.94484175576622,-0.0556728232189973,3790.0,3833.0,3935.0,0.0364072955960809,0,0.09402233785451014
2000-07-01,3664,3677.6666666666665,106.16182615862282,0.0237496507404302,3579.0,3790.0,3833.0,0.028866625439669,0,0.09761951829194787
2000-08-01,4032,3758.3333333333335,240.7827513202173,0.1004366812227073,3664.0,3579.0,3790.0,0.0640663639876409,0,0.0866046392221011
2000-09-01,4232,3976.0,288.1110896859061,0.0496031746031746,4032.0,3664.0,3579.0,0.0724625477077228,0,0.036172797554872904
2000-10-01,4207,4157.0,108.97247358851796,-0.0059073724007561,4232.0,4032.0,3664.0,0.0262142106299056,1,-0.001780572312975126
2000-11-01,3914,4117.666666666667,176.82288690476022,-0.0696458283812693,4207.0,4232.0,4032.0,0.0429424966173626,0,0.02282021369336973
2000-12-01,3701,3940.6666666666665,254.0518319818493,-0.0544200306591722,3914.0,4207.0,4232.0,0.0644692518986252,0,0.02805384632990393
2001-01-01,3573,3729.3333333333335,172.25659155264267,-0.0345852472304782,3701.0,3914.0,4207.0,0.0461896473594858,0,0.06504706999829324
2001-02-01,3177,3483.6666666666665,273.18369887922296,-0.1108312342569269,3573.0,3701.0,3914.0,0.0784184381052214,0,0.07031186951547663
2001-03-01,3567,3439.0,226.91848756767396,0.1227573182247403,3177.0,3573.0,3701.0,0.0659838579725716,0,0.09415789555494708
2001-04-01,3549,3431.0,220.1544912101513,-0.0050462573591253,3567.0,3177.0,3573.0,0.0641662754911545,0,0.10526605264073224
2001-05-01,3663,3593.0,61.28621378418312,0.0321217244294167,3549.0,3567.0,3177.0,0.0170571148856618,0,0.07737440615682711
2001-06-01,3482,3564.6666666666665,91.51138362703256,-0.0494130494130493,3663.0,3549.0,3567.0,0.0256717926763697,0,0.12971476963797374
2001-07-01,3384,3509.6666666666665,141.54269085097226,-0.0281447443997702,3482.0,3663.0,3549.0,0.0403293828998876,0,0.12405324155274666
2001-08-01,3529,3465.0,73.9797269527305,0.0428486997635932,3384.0,3482.0,3663.0,0.0213505705491285,0,0.11607689530292942
2001-09-01,3373,3428.6666666666665,87.065109735955,-0.0442051572683479,3529.0,3384.0,3482.0,0.0253932849706265,0,0.13787565291087783
2001-10-01,3399,3433.6666666666665,83.57830659527559,0.0077082715683367,3373.0,3529.0,3384.0,0.0243408329080503,0,0.13485733935350736
2001-11-01,3243,3338.333333333333,83.57830659527559,-0.0458958517210944,3399.0,3373.0,3529.0,0.0250359380714754,0,0.1349607683120086
2001-12-01,3264,3302.0,84.65813605319077,0.0064754856614246,3243.0,3399.0,3373.0,0.0256384421723775,0,0.1397160196934093
2002-01-01,3561,3356.0,177.84543851333538,0.0909926470588236,3264.0,3243.0,3399.0,0.0529932772685743,0,0.11082351908257693
2002-02-01,2956,3260.333333333333,302.5166662075561,-0.169896096602078,3561.0,3264.0,3243.0,0.0927870359495622,0,0.07701879350156693
2002-03-01,3357,3291.333333333333,307.7991769536331,0.1356562922868742,2956.0,3561.0,3264.0,0.0935180809054992,0,0.06464055899289078
2002-04-01,2814,3042.333333333333,281.6066997309084,-0.161751563896336,3357.0,2956.0,3561.0,0.0925627368459214,0,0.06617330764801
2002-05-01,3070,3080.333333333333,271.647443082636,0.0909737029140014,2814.0,3357.0,2956.0,0.0881876776591178,0,0.08582663331618112
2002-06-01,3260,3048.0,223.8124214604736,0.0618892508143322,3070.0,2814.0,3357.0,0.0734292721327013,0,0.10462054648201469
2002-07-01,3289,3206.333333333333,118.95517362996029,0.0088957055214724,3260.0,3070.0,2814.0,0.0371000645482774,0,0.11393743813150592
2002-08-01,3271,3273.333333333333,14.640127504020562,-0.0054727880814837,3289.0,3260.0,3070.0,0.0044725440439981,0,0.04605076096889238
2002-09-01,3203,3254.333333333333,45.357836515137976,-0.0207887496178538,3271.0,3289.0,3260.0,0.0139376738241743,0,0.11746673658358053
2002-10-01,3244,3239.333333333333,34.239353576462086,0.012800499531689,3203.0,3271.0,3289.0,0.0105698765928571,0,0.10037449690209688
2002-11-01,3068,3171.6666666666665,92.08872533233358,-0.0542540073982736,3244.0,3203.0,3271.0,0.0290348056749343,0,0.13533503975021083
2002-12-01,3207,3173.0,92.7954740275658,0.0453063885267275,3068.0,3244.0,3203.0,0.0292453432170078,0,0.13500722955143946
2003-01-01,3201,3158.6666666666665,78.57692621459545,-0.0018709073900842,3207.0,3068.0,3244.0,0.0248766123516026,0,0.13983044911521342
2003-02-01,2519,2975.6666666666665,395.4963126671777,-0.2130584192439862,3201.0,3207.0,3068.0,0.1329101532431425,1,-0.011403575079914852
2003-03-01,2715,2811.6666666666665,351.1258084125032,0.0778086542278682,2519.0,3201.0,3207.0,0.1248817338752234,0,0.014586049263555112
2003-04-01,2748,2660.6666666666665,123.7914913608116,0.0121546961325966,2715.0,2519.0,3201.0,0.0465264938715152,0,0.11622030599574085
2003-05-01,2794,2752.333333333333,39.67786956647127,0.0167394468704511,2748.0,2715.0,2519.0,0.0144160843768213,0,0.13009254265262488
2003-06-01,2871,2804.333333333333,62.14767359550875,0.0275590551181101,2794.0,2748.0,2715.0,0.0221613004619667,0,0.14223986471631805
2003-07-01,2866,2843.6666666666665,43.0851869362765,-0.0017415534656913,2871.0,2794.0,2748.0,0.0151512789601253,0,0.12419745689878642
2003-08-01,3236,2991.0,212.1909517392308,0.1290997906489881,2866.0,2871.0,2794.0,0.0709431466864696,0,0.11729906831530429
2003-09-01,2872,2991.333333333333,211.90878540856656,-0.1124845488257108,3236.0,2866.0,2871.0,0.070840913330254,0,0.12262746474097985
2003-10-01,2801,2969.6666666666665,233.36737846865805,-0.0247214484679665,2872.0,3236.0,2866.0,0.0785836946240851,0,0.11393289113807309
2003-11-01,2615,2762.6666666666665,132.71900140271487,-0.0664048554087826,2801.0,2872.0,3236.0,0.048040179079168,0,0.1158630679650246
2003-12-01,2364,2593.333333333333,219.30420272610792,-0.0959847036328871,2615.0,2801.0,2872.0,0.0845646025936148,0,0.13802315184523478
2004-01-01,2410,2463.0,133.6300864326613,0.0194585448392554,2364.0,2615.0,2801.0,0.0542550087018519,0,0.15145293352439065
2004-02-01,2517,2430.333333333333,78.50053078377145,0.0443983402489627,2410.0,2364.0,2615.0,0.0323003144083547,0,0.16653696979011678
2004-03-01,2992,2639.6666666666665,309.7843335827909,0.1887167262614222,2517.0,2410.0,2364.0,0.1173573684490936,0,0.05035719508894876
2004-04-01,2622,2710.333333333333,249.5161985389604,-0.123663101604278,2992.0,2517.0,2410.0,0.0920610743594737,0,0.11517268075592224
2004-05-01,2739,2784.333333333333,189.1198914269303,0.0446224256292906,2622.0,2992.0,2517.0,0.0679228629571161,0,0.1338002042397185
2004-06-01,2683,2681.333333333333,58.51780355869422,-0.0204454180357794,2739.0,2622.0,2992.0,0.0218241435450127,0,0.1353891378036337
2004-07-01,2612,2678.0,63.64746656388285,-0.0264629146477823,2683.0,2739.0,2622.0,0.0237667910992841,0,0.15411012224029713
2004-08-01,2699,2664.6666666666665,46.306946923047335,0.0333078101071975,2612.0,2683.0,2739.0,0.0173781387001678,0,0.14919804249475688
2004-09-01,2651,2654.0,43.57751713900859,-0.0177843645794738,2699.0,2612.0,2683.0,0.0164195618458962,0,0.14807979662625376
2004-10-01,2734,2694.6666666666665,41.66933324801256,0.0313089400226329,2651.0,2699.0,2612.0,0.0154636318337503,0,0.1418127314488835
2004-11-01,2541,2642.0,96.81425514871552,-0.070592538405267,2734.0,2651.0,2699.0,0.0366443055067053,0,0.1554392457202584
2004-12-01,2319,2531.333333333333,207.6688068375555,-0.0873671782762691,2541.0,2734.0,2651.0,0.082039296880783,0,0.14292749221446865
2005-01-01,2421,2427.0,111.12155506471566,0.0439844760672702,2319.0,2541.0,2734.0,0.0457855603892524,0,0.1626212166146105
2005-02-01,2423,2387.6666666666665,59.4754851458479,0.0008261049153241,2421.0,2319.0,2541.0,0.0249094590866318,0,0.16449860856099335
2005-03-01,2287,2377.0,77.94870107962447,-0.0561287659925712,2423.0,2421.0,2319.0,0.0327928906519244,0,0.17998947200565069
2005-04-01,2221,2310.333333333333,103.00161811027044,-0.0288587669435942,2287.0,2423.0,2421.0,0.0445830117343545,0,0.18403463190913877
2005-05-01,2486,2331.333333333333,137.95047420481737,0.1193156235929762,2221.0,2287.0,2423.0,0.0591723509600303,0,0.16815416100340586
2005-06-01,2357,2354.6666666666665,132.515407909171,-0.0518905872888173,2486.0,2221.0,2287.0,0.056277777990871,0,0.17163085385378124
2005-07-01,2476,2439.6666666666665,71.76582287784343,0.0504879083580822,2357.0,2486.0,2221.0,0.0294162411030919,0,0.16888968413368066
2005-08-01,2571,2468.0,107.22406446316356,0.0383683360258482,2476.0,2357.0,2486.0,0.0434457311439074,0,0.16523709506524809
2005-09-01,2519,2522.0,47.57099956907211,-0.0202255931544146,2571.0,2476.0,2357.0,0.0188624106142236,0,0.14661070636247203
2005-10-01,2388,2492.6666666666665,94.29916931412482,-0.0520047637951568,2519.0,2571.0,2476.0,0.0378306375959313,0,0.16598091258724068
2005-11-01,2388,2431.6666666666665,75.63288526384515,0.0,2388.0,2519.0,2571.0,0.0311033112805394,0,0.17284329519769703
2005-12-01,2083,2286.333333333333,176.09183210283592,-0.1277219430485762,2388.0,2388.0,2519.0,0.0770193171465968,0,0.1549178035798306
2006-01-01,2165,2212.0,157.83852508180644,0.0393662986077771,2083.0,2388.0,2388.0,0.071355571917634,0,0.16508183257067222
2006-02-01,1951,2066.333333333333,107.96913139102946,-0.0988452655889146,2165.0,2083.0,2388.0,0.0522515557627179,0,0.150694507448642
2006-03-01,2153,2089.6666666666665,120.2386515781568,0.1035366478728856,1951.0,2165.0,2083.0,0.057539632275398,0,0.14888684770586474
2006-04-01,2087,2063.6666666666665,103.00161811026749,-0.0306549001393404,2153.0,1951.0,2165.0,0.0499119454580524,0,0.1593409689936573
2006-05-01,2198,2146.0,55.83009940883199,0.0531863919501676,2087.0,2153.0,1951.0,0.0260158897524846,0,0.16019906200062073
2006-06-01,2142,2142.333333333333,55.50075074567366,-0.0254777070063694,2198.0,2087.0,2153.0,0.025906683092737,0,0.17650599088950042
2006-07-01,2172,2170.6666666666665,28.0237994093126,0.0140056022408963,2142.0,2198.0,2087.0,0.0129102270006047,0,0.14416346390304852
2006-08-01,2553,2289.0,229.1222381175604,0.1754143646408839,2172.0,2142.0,2198.0,0.1000970896101181,0,0.11805104523092003
2006-09-01,2345,2356.6666666666665,190.7677470992761,-0.081472777124951,2553.0,2172.0,2142.0,0.0809481246531581,0,0.1475308609614761
2006-10-01,2460,2452.6666666666665,104.19372981774576,0.0490405117270789,2345.0,2553.0,2172.0,0.0424818142774174,0,0.1618716391797022
2006-11-01,2060,2288.333333333333,205.9328369477132,-0.1626016260162601,2460.0,2345.0,2553.0,0.089992499758651,0,0.1281719559401579
2006-12-01,2016,2178.6666666666665,244.63305854551507,-0.0213592233009708,2060.0,2460.0,2345.0,0.1122856755869867,0,0.07968761082980647
2007-01-01,2041,2039.0,22.068076490714088,0.0124007936507937,2016.0,2060.0,2460.0,0.0108229899414978,0,0.07694797672937603
2007-02-01,1886,1981.0,83.21658488546595,-0.0759431651151396,2041.0,2016.0,2060.0,0.0420073623853942,0,0.13260175995853968
2007-03-01,2041,1989.3333333333333,89.48929172439183,0.0821845174973487,1886.0,2041.0,2016.0,0.0449845635343792,0,0.12649227674034758
2007-04-01,1876,1934.3333333333333,92.51126057585236,-0.080842724154826,2041.0,1886.0,2041.0,0.0478259144800201,0,0.10443011156787108
2007-05-01,1938,1951.6666666666667,83.3446658961044,0.0330490405117269,1876.0,2041.0,1886.0,0.0427043548570987,0,0.08651814873290908
2007-06-01,2611,2141.6666666666665,407.63504919637785,0.347265221878225,1938.0,1876.0,2041.0,0.1903354315313826,1,-0.07881443066606819
2007-07-01,2363,2304.0,340.3571653425267,-0.0949827652240521,2611.0,1938.0,1876.0,0.1477244641243605,1,-0.013763989924008069
2007-08-01,2190,2388.0,211.6104912333036,-0.0732120186203978,2363.0,2611.0,1938.0,0.0886141085566598,0,0.11078003988767449
2007-09-01,2157,2236.6666666666665,110.64507821558708,-0.0150684931506849,2190.0,2363.0,2611.0,0.0494687383974308,0,0.1560342790446887
2007-10-01,1992,2113.0,106.08015837092267,-0.0764951321279554,2157.0,2190.0,2363.0,0.0502035770804177,0,0.16287076398998152
2007-11-01,1972,2040.3333333333333,101.52996273678704,-0.0100401606425702,1992.0,2157.0,2190.0,0.0497614586195656,0,0.15398360639766207
2007-12-01,1975,1979.6666666666667,10.78579312491015,0.0015212981744421,1972.0,1992.0,2157.0,0.0054482874852214,0,0.053187105875314056
2008-01-01,2045,1997.3333333333333,41.30778780488447,0.0354430379746835,1975.0,1972.0,1992.0,0.0206814691947018,0,0.12155098049997648
2008-02-01,1923,1981.0,61.22091146005612,-0.0596577017114914,2045.0,1975.0,1972.0,0.0309040441494478,0,0.11980259268795534
2008-03-01,2137,2035.0,107.34989520255728,0.1112844513780551,1923.0,2045.0,1975.0,0.0527517912543279,0,0.13225143707845877
2008-04-01,2101,2053.6666666666665,114.5833030302992,-0.0168460458586804,2137.0,1923.0,2045.0,0.0557944991220414,0,0.14076763821032945
2008-05-01,2061,2099.6666666666665,38.01753981168931,-0.0190385530699667,2101.0,2137.0,1923.0,0.0181064644284915,0,0.13630950085710347
2008-06-01,2157,2106.333333333333,48.22171018673407,0.0465793304221251,2061.0,2101.0,2137.0,0.0228936747207156,0,0.1665002832934701
2008-07-01,2088,2102.0,49.50757517794664,-0.0319888734353268,2157.0,2061.0,2101.0,0.0235526047468823,0,0.16330026455951874
2008-08-01,2434,2226.333333333333,183.1238196776524,0.1657088122605363,2088.0,2157.0,2061.0,0.082253549787836,0,0.14478588341384274
2008-09-01,2286,2269.333333333333,173.60107526548717,-0.0608052588331964,2434.0,2088.0,2157.0,0.0764987111921946,0,0.15138042213457265
2008-10-01,2169,2296.333333333333,132.80185741672943,-0.0511811023622047,2286.0,2434.0,2088.0,0.0578321341631859,0,0.16299105150727333
2008-11-01,2299,2251.333333333333,71.59841711471942,0.0599354541263255,2169.0,2286.0,2434.0,0.0318026726893926,0,0.18040354763898536
2008-12-01,2076,2181.333333333333,112.01041618230585,-0.0969986950848195,2299.0,2169.0,2286.0,0.0513495184209837,0,0.17081471191731734
2009-01-01,1872,2082.333333333333,213.57044115076735,-0.0982658959537572,2076.0,2299.0,2169.0,0.1025630420125343,0,0.0931361120862807
2009-02-01,1708,1885.3333333333333,184.3619628159059,-0.0876068376068376,1872.0,2076.0,2299.0,0.0977874625968383,0,0.02555302761509637
2009-03-01,2142,1907.3333333333333,219.14683053453783,0.2540983606557376,1708.0,1872.0,2076.0,0.1148969751142281,0,0.015124886476239219
2009-04-01,2172,2007.3333333333333,259.663885308168,0.0140056022408963,2142.0,1708.0,1872.0,0.1293576313391737,0,0.0053918721046170015
2009-05-01,2244,2186.0,52.42136968832504,0.0331491712707181,2172.0,2142.0,1708.0,0.0239804984850526,0,0.11237269297670949
2009-06-01,2203,2206.333333333333,36.11555528208555,-0.018270944741533,2244.0,2172.0,2142.0,0.0163690385022294,0,0.16223581991514846
2009-07-01,2292,2246.333333333333,44.54585652261463,0.0403994552882434,2203.0,2244.0,2172.0,0.0198304747837726,0,0.16934506306650948
2009-08-01,2257,2250.6666666666665,44.83674088661405,-0.0152705061082024,2292.0,2203.0,2244.0,0.0199215377162088,0,0.1746588831649688
2009-09-01,2133,2227.333333333333,83.548389172583,-0.0549401860877271,2257.0,2292.0,2203.0,0.0375105009754188,0,0.1855934108684481
2009-10-01,2267,2219.0,74.64583042608649,0.062822315986873,2133.0,2257.0,2292.0,0.0336394008229321,0,0.18567708660806198
2009-11-01,2292,2230.6666666666665,85.50048732804626,0.0110277900308777,2267.0,2133.0,2257.0,0.0383295669432365,0,0.18353617812723738
2009-12-01,2154,2237.6666666666665,73.52777253074787,-0.0602094240837696,2292.0,2267.0,2133.0,0.0328591267082144,0,0.18413545948214682
2010-01-01,2213,2219.6666666666665,69.24112458166316,0.0273909006499535,2154.0,2292.0,2267.0,0.0311943795982864,0,0.18473541505123192
2010-02-01,1932,2099.6666666666665,148.16994747023895,-0.1269769543605965,2213.0,2154.0,2292.0,0.070568319163473,0,0.14303424941939008
2010-03-01,2190,2111.6666666666665,156.02029782478104,0.1335403726708075,1932.0,2213.0,2154.0,0.0738849082043162,0,0.14117455675834806
2010-04-01,2266,2129.333333333333,175.06951000483593,0.0347031963470318,2190.0,1932.0,2213.0,0.082217991548921,0,0.13187815226329724
2010-05-01,2535,2330.333333333333,181.2741937875695,0.118711385701677,2266.0,2190.0,1932.0,0.0777889545648274,0,0.13443737035567815
2010-06-01,2495,2432.0,145.14475533066962,-0.0157790927021695,2535.0,2266.0,2190.0,0.0596812316326766,0,0.16266084787235668
2010-07-01,2921,2650.333333333333,235.2558890513333,0.1707414829659319,2495.0,2535.0,2266.0,0.0887646418254307,0,0.12199746123070992
2010-08-01,2964,2793.333333333333,259.2572724791596,0.0147209859637109,2921.0,2495.0,2535.0,0.0928128660426585,0,0.10275538067206386
2010-09-01,2785,2890.0,93.43982020530562,-0.060391363022942,2964.0,2921.0,2495.0,0.0323321177180988,0,0.12169767092436445
2010-10-01,2776,2841.6666666666665,106.0393008904395,-0.0032315978456014,2785.0,2964.0,2921.0,0.0373158830112983,0,0.1308776923436571
2010-11-01,2415,2658.6666666666665,211.0694988228596,-0.130043227665706,2776.0,2785.0,2964.0,0.0793892297478158,0,0.131728829957589
2010-12-01,2352,2514.333333333333,228.7888400541712,-0.026086956521739,2415.0,2776.0,2785.0,0.0909938380170374,0,0.1224929192945508
2011-01-01,2426,2397.6666666666665,39.92910383834271,0.0314625850340135,2352.0,2415.0,2776.0,0.016653317324486,0,0.13895164960315698
2011-02-01,2144,2307.333333333333,146.20989478599992,-0.1162407254740313,2426.0,2352.0,2415.0,0.0633674782372146,0,0.1680657726586059
2011-03-01,2218,2262.6666666666665,146.20989478599992,0.0345149253731342,2144.0,2426.0,2352.0,0.0646183978134943,0,0.17412963674463733
2011-04-01,2320,2227.333333333333,88.37043246093764,0.0459873760144273,2218.0,2144.0,2426.0,0.0396754410929082,0,0.1738624151034922
2011-05-01,2558,2365.333333333333,174.47444894119343,0.1025862068965517,2320.0,2218.0,2144.0,0.0737631548511246,0,0.16037149539932077
2011-06-01,2591,2489.6666666666665,147.8591672279169,0.0129007036747459,2558.0,2320.0,2218.0,0.0593891420114808,0,0.15666114850312302
2011-07-01,2979,2709.333333333333,234.12033942682783,0.1497491316094172,2591.0,2558.0,2320.0,0.0864125268553744,0,0.12637725830087876
2011-08-01,2695,2755.0,200.8382433701304,-0.0953340046995636,2979.0,2591.0,2558.0,0.0728995438730056,0,0.14389029926457397
2011-09-01,2661,2778.333333333333,174.61195071739243,-0.0126159554730983,2695.0,2979.0,2591.0,0.0628477327117189,0,0.13943084851986398
2011-10-01,2973,2776.333333333333,171.16463809249,0.117249154453213,2661.0,2695.0,2979.0,0.0616513284040665,0,0.12981166589825582
2011-11-01,2998,2877.333333333333,187.76669921296764,0.0084090144635049,2973.0,2661.0,2695.0,0.065257193887732,0,0.13087130215577708
2011-12-01,2899,2956.6666666666665,51.4813882226677,-0.0330220146764509,2998.0,2973.0,2661.0,0.0174119689591886,0,0.11321607620871288
