DATE,CRIME_COUNT,ROLLING_MEAN_3,ROLLING_STD_3,GROWTH_RATE,LAG_1,LAG_2,LAG_3,VOLATILITY
1999-04-01,4002,3647.3333333333335,353.01180339095373,0.09824368825466512,3644.0,3296.0,4089.0,0.09678627400592772
1999-05-01,4386,4010.6666666666665,371.07591316782253,0.09595202398800606,4002.0,3644.0,3296.0,0.09252225228586002
1999-06-01,4207,4198.333333333333,192.146645386625,-0.04081167350661197,4386.0,4002.0,3644.0,0.045767362934487896
1999-07-01,3850,4147.666666666667,272.88153717929237,-0.08485856905158073,4207.0,4386.0,4002.0,0.06579157852108632
1999-08-01,4008,4021.6666666666665,178.8919599460346,0.041038961038960986,3850.0,4207.0,4386.0,0.0444820455729883
1999-09-01,3733,3863.6666666666665,138.00845384734149,-0.06861277445109781,4008.0,3850.0,4207.0,0.035719554960057326
1999-10-01,4206,3982.3333333333335,237.54227693893503,0.12670774176265742,3733.0,4008.0,3850.0,0.05964901906895497
1999-11-01,3653,3864.0,298.8695367547525,-0.13147883975273422,4206.0,3733.0,4008.0,0.07734718860112642
1999-12-01,3670,3843.0,314.4821139588075,0.004653709280043827,3653.0,4206.0,3733.0,0.08183245224012685
2000-01-01,3470,3597.6666666666665,110.88883322198723,-0.05449591280653954,3670.0,3653.0,4206.0,0.03082243117446138
2000-02-01,3440,3526.6666666666665,125.03332889007507,-0.008645533141210415,3470.0,3670.0,3653.0,0.035453684940474975
2000-03-01,3935,3615.0,277.53378172755896,0.14389534883720922,3440.0,3470.0,3670.0,0.07677283035340497
2000-04-01,3833,3736.0,261.3675572828432,-0.025921219822109265,3935.0,3440.0,3470.0,0.06995919627485096
2000-05-01,3790,3852.6666666666665,74.47370900749915,-0.01121836681450561,3833.0,3935.0,3440.0,0.0193304314779804
2000-06-01,3579,3734.0,135.94484175576622,-0.05567282321899736,3790.0,3833.0,3935.0,0.036407295596080934
2000-07-01,3664,3677.6666666666665,106.16182615862282,0.023749650740430228,3579.0,3790.0,3833.0,0.028866625439669034
2000-08-01,4032,3758.3333333333335,240.7827513202173,0.10043668122270732,3664.0,3579.0,3790.0,0.06406636398764097
2000-09-01,4232,3976.0,288.1110896859061,0.04960317460317465,4032.0,3664.0,3579.0,0.07246254770772287
2000-10-01,4207,4157.0,108.97247358851797,-0.005907372400756117,4232.0,4032.0,3664.0,0.026214210629905695
2000-11-01,3914,4117.666666666667,176.82288690476022,-0.06964582838126931,4207.0,4232.0,4032.0,0.04294249661736264
2000-12-01,3701,3940.6666666666665,254.05183198184932,-0.054420030659172225,3914.0,4207.0,4232.0,0.06446925189862528
2001-01-01,3573,3729.3333333333335,172.25659155264267,-0.03458524723047829,3701.0,3914.0,4207.0,0.04618964735948588
2001-02-01,3177,3483.6666666666665,273.18369887922296,-0.11083123425692698,3573.0,3701.0,3914.0,0.07841843810522141
2001-03-01,3567,3439.0,226.91848756767394,0.12275731822474034,3177.0,3573.0,3701.0,0.06598385797257166
2001-04-01,3549,3431.0,220.15449121015132,-0.005046257359125339,3567.0,3177.0,3573.0,0.06416627549115457
2001-05-01,3663,3593.0,61.28621378418312,0.03212172442941674,3549.0,3567.0,3177.0,0.017057114885661875
2001-06-01,3482,3564.6666666666665,91.51138362703256,-0.04941304941304936,3663.0,3549.0,3567.0,0.02567179267636971
2001-07-01,3384,3509.6666666666665,141.54269085097226,-0.028144744399770216,3482.0,3663.0,3549.0,0.04032938289988763
2001-08-01,3529,3465.0,73.9797269527305,0.04284869976359329,3384.0,3482.0,3663.0,0.021350570549128572
2001-09-01,3373,3428.6666666666665,87.065109735955,-0.04420515726834795,3529.0,3384.0,3482.0,0.02539328497062658
2001-10-01,3399,3433.6666666666665,83.57830659527559,0.007708271568336755,3373.0,3529.0,3384.0,0.024340832908050364
2001-11-01,3243,3338.3333333333335,83.57830659527559,-0.04589585172109445,3399.0,3373.0,3529.0,0.02503593807147546
2001-12-01,3264,3302.0,84.65813605319077,0.00647548566142464,3243.0,3399.0,3373.0,0.025638442172377582
2002-01-01,3561,3356.0,177.84543851333538,0.0909926470588236,3264.0,3243.0,3399.0,0.05299327726857431
2002-02-01,2956,3260.3333333333335,302.5166662075561,-0.16989609660207805,3561.0,3264.0,3243.0,0.09278703594956224
2002-03-01,3357,3291.3333333333335,307.7991769536331,0.13565629228687426,2956.0,3561.0,3264.0,0.09351808090549922
2002-04-01,2814,3042.3333333333335,281.60669973090836,-0.16175156389633605,3357.0,2956.0,3561.0,0.09256273684592145
2002-05-01,3070,3080.3333333333335,271.647443082636,0.09097370291400142,2814.0,3357.0,2956.0,0.08818767765911785
2002-06-01,3260,3048.0,223.81242146047362,0.061889250814332275,3070.0,2814.0,3357.0,0.07342927213270131
2002-07-01,3289,3206.3333333333335,118.95517362996027,0.008895705521472452,3260.0,3070.0,2814.0,0.03710006454827745
2002-08-01,3271,3273.3333333333335,14.640127504020562,-0.00547278808148377,3289.0,3260.0,3070.0,0.004472544043998135
2002-09-01,3203,3254.3333333333335,45.357836515137976,-0.02078874961785382,3271.0,3289.0,3260.0,0.013937673824174324
2002-10-01,3244,3239.3333333333335,34.239353576462086,0.012800499531689047,3203.0,3271.0,3289.0,0.010569876592857198
2002-11-01,3068,3171.6666666666665,92.08872533233358,-0.054254007398273685,3244.0,3203.0,3271.0,0.029034805674934393
2002-12-01,3207,3173.0,92.7954740275658,0.045306388526727526,3068.0,3244.0,3203.0,0.029245343217007818
2003-01-01,3201,3158.6666666666665,78.57692621459545,-0.00187090739008422,3207.0,3068.0,3244.0,0.02487661235160261
2003-02-01,2519,2975.6666666666665,395.4963126671777,-0.21305841924398627,3201.0,3207.0,3068.0,0.1329101532431425
2003-03-01,2715,2811.6666666666665,351.1258084125032,0.0778086542278682,2519.0,3201.0,3207.0,0.12488173387522343
2003-04-01,2748,2660.6666666666665,123.7914913608116,0.012154696132596676,2715.0,2519.0,3201.0,0.046526493871515265
2003-05-01,2794,2752.3333333333335,39.677869566471266,0.016739446870451147,2748.0,2715.0,2519.0,0.014416084376821339
2003-06-01,2871,2804.3333333333335,62.14767359550875,0.027559055118110187,2794.0,2748.0,2715.0,0.022161300461966748
2003-07-01,2866,2843.6666666666665,43.0851869362765,-0.0017415534656913811,2871.0,2794.0,2748.0,0.015151278960125367
2003-08-01,3236,2991.0,212.19095173923077,0.12909979064898813,2866.0,2871.0,2794.0,0.07094314668646967
2003-09-01,2872,2991.3333333333335,211.90878540856656,-0.1124845488257108,3236.0,2866.0,2871.0,0.07084091333025402
2003-10-01,2801,2969.6666666666665,233.36737846865805,-0.024721448467966534,2872.0,3236.0,2866.0,0.0785836946240851
2003-11-01,2615,2762.6666666666665,132.71900140271487,-0.0664048554087826,2801.0,2872.0,3236.0,0.04804017907916803
2003-12-01,2364,2593.3333333333335,219.30420272610792,-0.09598470363288714,2615.0,2801.0,2872.0,0.08456460259361487
2004-01-01,2410,2463.0,133.6300864326613,0.019458544839255465,2364.0,2615.0,2801.0,0.05425500870185193
2004-02-01,2517,2430.3333333333335,78.50053078377145,0.04439834024896272,2410.0,2364.0,2615.0,0.03230031440835473
2004-03-01,2992,2639.6666666666665,309.7843335827909,0.18871672626142222,2517.0,2410.0,2364.0,0.11735736844909367
2004-04-01,2622,2710.3333333333335,249.51619853896042,-0.12366310160427807,2992.0,2517.0,2410.0,0.09206107435947378
2004-05-01,2739,2784.3333333333335,189.1198914269303,0.04462242562929064,2622.0,2992.0,2517.0,0.06792286295711611
2004-06-01,2683,2681.3333333333335,58.51780355869422,-0.020445418035779483,2739.0,2622.0,2992.0,0.02182414354501276
2004-07-01,2612,2678.0,63.64746656388285,-0.026462914647782387,2683.0,2739.0,2622.0,0.02376679109928411
2004-08-01,2699,2664.6666666666665,46.306946923047335,0.03330781010719752,2612.0,2683.0,2739.0,0.017378138700167876
2004-09-01,2651,2654.0,43.57751713900859,-0.017784364579473855,2699.0,2612.0,2683.0,0.016419561845896227
2004-10-01,2734,2694.6666666666665,41.66933324801256,0.03130894002263296,2651.0,2699.0,2612.0,0.015463631833750333
2004-11-01,2541,2642.0,96.81425514871553,-0.07059253840526702,2734.0,2651.0,2699.0,0.036644305506705346
2004-12-01,2319,2531.3333333333335,207.6688068375555,-0.08736717827626916,2541.0,2734.0,2651.0,0.08203929688078306
2005-01-01,2421,2427.0,111.12155506471566,0.043984476067270295,2319.0,2541.0,2734.0,0.04578556038925244
2005-02-01,2423,2387.6666666666665,59.4754851458479,0.0008261049153241995,2421.0,2319.0,2541.0,0.024909459086631818
2005-03-01,2287,2377.0,77.94870107962447,-0.05612876599257122,2423.0,2421.0,2319.0,0.03279289065192447
2005-04-01,2221,2310.3333333333335,103.00161811027044,-0.02885876694359424,2287.0,2423.0,2421.0,0.04458301173435454
2005-05-01,2486,2331.3333333333335,137.95047420481737,0.1193156235929762,2221.0,2287.0,2423.0,0.059172350960030325
2005-06-01,2357,2354.6666666666665,132.515407909171,-0.05189058728881735,2486.0,2221.0,2287.0,0.05627777799087103
2005-07-01,2476,2439.6666666666665,71.76582287784343,0.050487908358082256,2357.0,2486.0,2221.0,0.029416241103091996
2005-08-01,2571,2468.0,107.22406446316357,0.038368336025848215,2476.0,2357.0,2486.0,0.04344573114390744
2005-09-01,2519,2522.0,47.57099956907211,-0.020225593154414634,2571.0,2476.0,2357.0,0.018862410614223675
2005-10-01,2388,2492.6666666666665,94.29916931412482,-0.05200476379515684,2519.0,2571.0,2476.0,0.03783063759593133
2005-11-01,2388,2431.6666666666665,75.63288526384515,0.0,2388.0,2519.0,2571.0,0.031103311280539475
2005-12-01,2083,2286.3333333333335,176.09183210283592,-0.1277219430485762,2388.0,2388.0,2519.0,0.07701931714659684
2006-01-01,2165,2212.0,157.83852508180644,0.039366298607777184,2083.0,2388.0,2388.0,0.07135557191763402
2006-02-01,1951,2066.3333333333335,107.96913139102946,-0.0988452655889146,2165.0,2083.0,2388.0,0.052251555762717915
2006-03-01,2153,2089.6666666666665,120.2386515781568,0.10353664787288563,1951.0,2165.0,2083.0,0.05753963227539806
2006-04-01,2087,2063.6666666666665,103.00161811026749,-0.03065490013934047,2153.0,1951.0,2165.0,0.049911945458052415
2006-05-01,2198,2146.0,55.83009940883199,0.05318639195016761,2087.0,2153.0,1951.0,0.026015889752484617
2006-06-01,2142,2142.3333333333335,55.50075074567366,-0.02547770700636942,2198.0,2087.0,2153.0,0.025906683092737044
2006-07-01,2172,2170.6666666666665,28.023799409312602,0.014005602240896309,2142.0,2198.0,2087.0,0.0129102270006047
2006-08-01,2553,2289.0,229.1222381175604,0.1754143646408839,2172.0,2142.0,2198.0,0.10009708961011814
2006-09-01,2345,2356.6666666666665,190.76774709927614,-0.08147277712495105,2553.0,2172.0,2142.0,0.08094812465315819
2006-10-01,2460,2452.6666666666665,104.19372981774575,0.049040511727078906,2345.0,2553.0,2172.0,0.0424818142774174
2006-11-01,2060,2288.3333333333335,205.93283694771316,-0.16260162601626016,2460.0,2345.0,2553.0,0.08999249975865105
2006-12-01,2016,2178.6666666666665,244.63305854551507,-0.021359223300970842,2060.0,2460.0,2345.0,0.11228567558698672
2007-01-01,2041,2039.0,22.068076490714088,0.012400793650793718,2016.0,2060.0,2460.0,0.010822989941497836
2007-02-01,1886,1981.0,83.21658488546595,-0.07594316511513965,2041.0,2016.0,2060.0,0.042007362385394216
2007-03-01,2041,1989.3333333333333,89.48929172439183,0.08218451749734879,1886.0,2041.0,2016.0,0.044984563534379275
2007-04-01,1876,1934.3333333333333,92.51126057585235,-0.08084272415482607,2041.0,1886.0,2041.0,0.047825914480020174
2007-05-01,1938,1951.6666666666667,83.3446658961044,0.03304904051172697,1876.0,2041.0,1886.0,0.04270435485709875
2007-06-01,2611,2141.6666666666665,407.63504919637785,0.34726522187822506,1938.0,1876.0,2041.0,0.19033543153138266
2007-07-01,2363,2304.0,340.3571653425267,-0.09498276522405213,2611.0,1938.0,1876.0,0.14772446412436055
2007-08-01,2190,2388.0,211.6104912333036,-0.07321201862039783,2363.0,2611.0,1938.0,0.0886141085566598
2007-09-01,2157,2236.6666666666665,110.64507821558708,-0.015068493150684925,2190.0,2363.0,2611.0,0.049468738397430885
2007-10-01,1992,2113.0,106.08015837092267,-0.07649513212795545,2157.0,2190.0,2363.0,0.050203577080417734
2007-11-01,1972,2040.3333333333333,101.52996273678704,-0.010040160642570295,1992.0,2157.0,2190.0,0.049761458619565616
2007-12-01,1975,1979.6666666666667,10.78579312491015,0.0015212981744421317,1972.0,1992.0,2157.0,0.005448287485221493
2008-01-01,2045,1997.3333333333333,41.30778780488447,0.03544303797468351,1975.0,1972.0,1992.0,0.02068146919470184
2008-02-01,1923,1981.0,61.220911460056115,-0.05965770171149143,2045.0,1975.0,1972.0,0.03090404414944781
2008-03-01,2137,2035.0,107.34989520255728,0.1112844513780551,1923.0,2045.0,1975.0,0.0527517912543279
2008-04-01,2101,2053.6666666666665,114.58330303029919,-0.016846045858680436,2137.0,1923.0,2045.0,0.055794499122041485
2008-05-01,2061,2099.6666666666665,38.01753981168931,-0.019038553069966713,2101.0,2137.0,1923.0,0.0181064644284915
2008-06-01,2157,2106.3333333333335,48.221710186734065,0.04657933042212514,2061.0,2101.0,2137.0,0.02289367472071565
2008-07-01,2088,2102.0,49.507575177946634,-0.03198887343532686,2157.0,2061.0,2101.0,0.023552604746882318
2008-08-01,2434,2226.3333333333335,183.1238196776524,0.16570881226053635,2088.0,2157.0,2061.0,0.08225354978783607
2008-09-01,2286,2269.3333333333335,173.60107526548717,-0.06080525883319643,2434.0,2088.0,2157.0,0.07649871119219469
2008-10-01,2169,2296.3333333333335,132.80185741672943,-0.051181102362204745,2286.0,2434.0,2088.0,0.057832134163185986
2008-11-01,2299,2251.3333333333335,71.59841711471942,0.059935454126325505,2169.0,2286.0,2434.0,0.03180267268939269
2008-12-01,2076,2181.3333333333335,112.01041618230583,-0.09699869508481951,2299.0,2169.0,2286.0,0.051349518420983724
2009-01-01,1872,2082.3333333333335,213.57044115076738,-0.09826589595375723,2076.0,2299.0,2169.0,0.10256304201253436
2009-02-01,1708,1885.3333333333333,184.3619628159059,-0.08760683760683763,1872.0,2076.0,2299.0,0.09778746259683836
2009-03-01,2142,1907.3333333333333,219.14683053453786,0.25409836065573765,1708.0,1872.0,2076.0,0.11489697511422817
2009-04-01,2172,2007.3333333333333,259.663885308168,0.014005602240896309,2142.0,1708.0,1872.0,0.12935763133917372
2009-05-01,2244,2186.0,52.42136968832504,0.03314917127071815,2172.0,2142.0,1708.0,0.023980498485052626
2009-06-01,2203,2206.3333333333335,36.11555528208555,-0.018270944741533013,2244.0,2172.0,2142.0,0.016369038502229438
2009-07-01,2292,2246.3333333333335,44.54585652261463,0.0403994552882434,2203.0,2244.0,2172.0,0.019830474783772648
2009-08-01,2257,2250.6666666666665,44.83674088661405,-0.015270506108202464,2292.0,2203.0,2244.0,0.019921537716208852
2009-09-01,2133,2227.3333333333335,83.548389172583,-0.054940186087727105,2257.0,2292.0,2203.0,0.03751050097541889
2009-10-01,2267,2219.0,74.64583042608649,0.06282231598687305,2133.0,2257.0,2292.0,0.033639400822932174
2009-11-01,2292,2230.6666666666665,85.50048732804626,0.011027790030877727,2267.0,2133.0,2257.0,0.03832956694323652
2009-12-01,2154,2237.6666666666665,73.52777253074787,-0.060209424083769614,2292.0,2267.0,2133.0,0.032859126708214455
2010-01-01,2213,2219.6666666666665,69.24112458166316,0.02739090064995353,2154.0,2292.0,2267.0,0.031194379598286453
2010-02-01,1932,2099.6666666666665,148.16994747023895,-0.12697695436059653,2213.0,2154.0,2292.0,0.07056831916347307
2010-03-01,2190,2111.6666666666665,156.02029782478104,0.13354037267080754,1932.0,2213.0,2154.0,0.0738849082043162
2010-04-01,2266,2129.3333333333335,175.06951000483593,0.034703196347031895,2190.0,1932.0,2213.0,0.08221799154892107
2010-05-01,2535,2330.3333333333335,181.2741937875695,0.11871138570167705,2266.0,2190.0,1932.0,0.07778895456482741
2010-06-01,2495,2432.0,145.14475533066962,-0.015779092702169595,2535.0,2266.0,2190.0,0.059681231632676655
2010-07-01,2921,2650.3333333333335,235.2558890513333,0.17074148296593195,2495.0,2535.0,2266.0,0.08876464182543074
2010-08-01,2964,2793.3333333333335,259.2572724791596,0.014720985963710964,2921.0,2495.0,2535.0,0.09281286604265856
2010-09-01,2785,2890.0,93.43982020530562,-0.06039136302294201,2964.0,2921.0,2495.0,0.03233211771809883
2010-10-01,2776,2841.6666666666665,106.0393008904395,-0.0032315978456014527,2785.0,2964.0,2921.0,0.03731588301129836
2010-11-01,2415,2658.6666666666665,211.0694988228596,-0.13004322766570608,2776.0,2785.0,2964.0,0.0793892297478158
2010-12-01,2352,2514.3333333333335,228.78884005417117,-0.02608695652173909,2415.0,2776.0,2785.0,0.09099383801703745
2011-01-01,2426,2397.6666666666665,39.92910383834271,0.03146258503401356,2352.0,2415.0,2776.0,0.016653317324486046
2011-02-01,2144,2307.3333333333335,146.20989478599992,-0.1162407254740313,2426.0,2352.0,2415.0,0.06336747823721464
2011-03-01,2218,2262.6666666666665,146.20989478599992,0.034514925373134275,2144.0,2426.0,2352.0,0.06461839781349438
2011-04-01,2320,2227.3333333333335,88.37043246093764,0.04598737601442737,2218.0,2144.0,2426.0,0.03967544109290824
2011-05-01,2558,2365.3333333333335,174.47444894119343,0.10258620689655173,2320.0,2218.0,2144.0,0.07376315485112461
2011-06-01,2591,2489.6666666666665,147.8591672279169,0.01290070367474594,2558.0,2320.0,2218.0,0.05938914201148089
2011-07-01,2979,2709.3333333333335,234.12033942682785,0.14974913160941727,2591.0,2558.0,2320.0,0.08641252685537446
2011-08-01,2695,2755.0,200.8382433701304,-0.09533400469956366,2979.0,2591.0,2558.0,0.0728995438730056
2011-09-01,2661,2778.3333333333335,174.61195071739243,-0.01261595547309835,2695.0,2979.0,2591.0,0.06284773271171892
2011-10-01,2973,2776.3333333333335,171.16463809249,0.11724915445321304,2661.0,2695.0,2979.0,0.061651328404066515
2011-11-01,2998,2877.3333333333335,187.76669921296764,0.008409014463504949,2973.0,2661.0,2695.0,0.06525719388773203
2011-12-01,2899,2956.6666666666665,51.4813882226677,-0.03302201467645094,2998.0,2973.0,2661.0,0.017411968959188624
